epoch,acc,loss,val_acc,val_loss
0,0.557692289352417,1.1609619855880737,0.5714285969734192,0.6929906010627747
1,0.6875,1.0502612590789795,0.5952380895614624,0.6873967051506042
